environment_id,date,temperature,precipitation,solar_radiation
2018_Waldo,2017-06-01,23.32,0.0,20.943
2018_Waldo,2017-06-02,24.91,0.0,20.825
2018_Waldo,2017-06-03,25.218,9.741,20.204
2018_Waldo,2017-06-04,23.061,0.887,21.393
2018_Waldo,2017-06-05,23.734,0.018,20.083
2018_Waldo,2017-06-06,25.031,0.0,21.563
2018_Waldo,2017-06-07,24.826,0.114,21.938
2018_Waldo,2017-06-08,25.214,1.583,21.167
2018_Waldo,2017-06-09,24.69,0.0,20.454
2018_Waldo,2017-06-10,26.218,0.606,21.127
2018_Waldo,2017-06-11,26.275,1.77,20.289
2018_Waldo,2017-06-12,25.839,0.0,21.452
2018_Waldo,2017-06-13,26.818,0.0,18.596
2018_Waldo,2017-06-14,26.414,2.0,19.996
2018_Waldo,2017-06-15,25.472,0.0,18.239
2018_Waldo,2017-06-16,26.569,0.0,18.626
2018_Waldo,2017-06-17,25.615,0.0,21.371
2018_Waldo,2017-06-18,27.187,0.0,20.783
2018_Waldo,2017-06-19,26.539,0.037,19.044
2018_Waldo,2017-06-20,26.52,0.984,18.131
2018_Waldo,2017-06-21,26.206,0.0,16.535
2018_Waldo,2017-06-22,27.803,1.733,18.818
2018_Waldo,2017-06-23,26.769,10.576,21.641
2018_Waldo,2017-06-24,26.61,0.0,19.51
2018_Waldo,2017-06-25,26.724,4.097,18.367
2018_Waldo,2017-06-26,27.476,0.0,19.242
2018_Waldo,2017-06-27,27.379,0.772,17.063
2018_Waldo,2017-06-28,27.446,2.955,18.172
2018_Waldo,2017-06-29,27.481,0.137,18.413
2018_Waldo,2017-06-30,28.862,0.0,18.071
2018_Waldo,2017-07-01,26.827,0.524,18.791
2018_Waldo,2017-07-02,26.738,0.0,18.188
2018_Waldo,2017-07-03,26.485,0.0,18.355
2018_Waldo,2017-07-04,27.608,0.0,16.842
2018_Waldo,2017-07-05,27.99,0.752,18.274
2018_Waldo,2017-07-06,26.959,0.0,18.852
2018_Waldo,2017-07-07,26.333,0.489,16.103
2018_Waldo,2017-07-08,26.294,3.133,16.037
2018_Waldo,2017-07-09,27.413,0.0,18.116
2018_Waldo,2017-07-10,27.42,0.0,16.447
2018_Waldo,2017-07-11,27.185,0.0,17.904
2018_Waldo,2017-07-12,26.136,3.946,15.924
2018_Waldo,2017-07-13,26.765,0.202,17.692
2018_Waldo,2017-07-14,26.577,0.0,16.244
2018_Waldo,2017-07-15,26.557,1.57,16.251
2018_Waldo,2017-07-16,26.971,0.0,17.443
2018_Waldo,2017-07-17,26.339,2.009,15.409
2018_Waldo,2017-07-18,26.583,0.162,14.727
2018_Waldo,2017-07-19,25.97,1.2,15.124
2018_Waldo,2017-07-20,26.018,2.329,15.936
2018_Waldo,2017-07-21,26.157,5.143,13.836
2018_Waldo,2017-07-22,24.349,0.0,15.964
2018_Waldo,2017-07-23,25.117,0.0,14.721
2018_Waldo,2017-07-24,24.851,0.0,16.347
2018_Waldo,2017-07-25,24.568,0.0,12.753
2018_Waldo,2017-07-26,24.709,6.911,14.316
2018_Waldo,2017-07-27,25.972,1.169,13.379
2018_Waldo,2017-07-28,23.929,1.233,14.211
2018_Waldo,2017-07-29,25.241,0.0,15.264
2018_Waldo,2017-07-30,22.963,0.545,14.825
2018_Waldo,2017-07-31,23.884,0.0,14.747
2018_Waldo,2017-08-01,24.126,0.0,14.845
2018_Waldo,2017-08-02,24.308,2.316,15.22
2018_Waldo,2017-08-03,24.252,5.622,14.028
2018_Waldo,2017-08-04,24.163,0.251,15.772
2018_Waldo,2017-08-05,23.097,0.0,15.765
2018_Waldo,2017-08-06,22.855,0.275,15.532
2018_Waldo,2017-08-07,23.764,0.0,15.756
2018_Waldo,2017-08-08,22.779,0.331,15.556
2018_Waldo,2017-08-09,21.77,2.288,17.362
2018_Waldo,2017-08-10,21.746,0.0,15.315
2018_Waldo,2017-08-11,21.783,0.0,15.177
2018_Waldo,2017-08-12,22.787,0.0,14.819
2018_Waldo,2017-08-13,22.378,0.349,14.636
2018_Waldo,2017-08-14,22.697,0.0,14.526
2018_Waldo,2017-08-15,21.689,0.996,14.99
2018_Waldo,2017-08-16,22.05,0.153,15.922
2018_Waldo,2017-08-17,22.321,0.059,16.446
2018_Waldo,2017-08-18,21.478,0.0,16.288
2018_Waldo,2017-08-19,22.002,8.4,15.601
2018_Waldo,2017-08-20,21.025,0.0,17.4
2018_Waldo,2017-08-21,21.189,2.755,17.377
2018_Waldo,2017-08-22,21.106,0.228,16.62
2018_Waldo,2017-08-23,20.395,1.728,16.272
2018_Waldo,2017-08-24,21.689,1.424,17.621
2018_Waldo,2017-08-25,20.879,0.0,17.412
2018_Waldo,2017-08-26,21.228,0.0,15.928
2018_Waldo,2017-08-27,21.574,0.0,17.463
2018_Waldo,2017-08-28,21.526,0.0,17.948
2018_Waldo,2017-08-29,21.689,0.0,16.943
2018_Waldo,2017-08-30,21.074,0.0,18.19
2018_Waldo,2017-08-31,20.818,0.0,16.702
2018_Waldo,2017-09-01,21.105,0.0,19.65
2018_Waldo,2017-09-02,19.839,0.0,19.717
2018_Waldo,2017-09-03,20.06,1.85,18.371
2018_Waldo,2017-09-04,20.196,0.676,19.14
2018_Waldo,2017-09-05,20.501,0.0,16.517
2018_Waldo,2017-09-06,21.671,0.0,17.919
2018_Waldo,2017-09-07,20.687,0.0,18.926
2018_Waldo,2017-09-08,21.177,13.018,18.29
2018_Waldo,2017-09-09,22.594,0.0,20.214
2018_Waldo,2017-09-10,21.351,0.0,21.631
2018_Waldo,2017-09-11,22.315,0.0,18.587
2018_Waldo,2017-09-12,21.074,0.0,19.05
2018_Waldo,2017-09-13,21.759,0.0,20.243
2018_Waldo,2017-09-14,21.271,2.138,21.732
2018_Waldo,2017-09-15,21.874,1.783,19.007
2018_Waldo,2017-09-16,22.937,5.032,20.58
2018_Waldo,2017-09-17,21.007,2.359,22.248
2018_Waldo,2017-09-18,22.866,0.193,18.864
2018_Waldo,2017-09-19,22.843,0.0,19.317
2018_Waldo,2017-09-20,22.315,1.198,20.249
2018_Waldo,2017-09-21,21.775,0.0,20.22
2018_Waldo,2017-09-22,23.135,0.0,21.613
2018_Waldo,2017-09-23,22.802,0.618,21.095
2018_Waldo,2017-09-24,23.562,0.0,19.123
2018_Waldo,2017-09-25,23.546,0.0,21.45
2018_Waldo,2017-09-26,24.964,1.293,20.386
2018_Waldo,2017-09-27,23.647,3.807,22.258
2018_Waldo,2017-09-28,23.177,10.584,20.368
2019_Waldo,2018-06-01,24.365,0.0,21.598
2019_Waldo,2018-06-02,24.699,0.0,21.516
2019_Waldo,2018-06-03,24.604,0.267,19.886
2019_Waldo,2018-06-04,23.053,0.237,21.664
2019_Waldo,2018-06-05,24.986,0.005,19.579
2019_Waldo,2018-06-06,23.881,0.0,20.103
2019_Waldo,2018-06-07,25.047,2.541,22.157
2019_Waldo,2018-06-08,23.868,0.0,21.641
2019_Waldo,2018-06-09,25.509,6.431,22.228
2019_Waldo,2018-06-10,24.648,0.0,20.401
2019_Waldo,2018-06-11,24.406,6.498,19.446
2019_Waldo,2018-06-12,26.137,0.0,20.276
2019_Waldo,2018-06-13,25.888,2.392,20.529
2019_Waldo,2018-06-14,25.328,5.343,20.41
2019_Waldo,2018-06-15,27.1,0.0,21.363
2019_Waldo,2018-06-16,25.7,0.449,19.76
2019_Waldo,2018-06-17,26.187,0.0,20.359
2019_Waldo,2018-06-18,26.478,0.026,18.899
2019_Waldo,2018-06-19,25.863,0.0,20.214
2019_Waldo,2018-06-20,26.825,0.0,19.637
2019_Waldo,2018-06-21,26.103,0.0,18.75
2019_Waldo,2018-06-22,26.275,0.0,19.126
2019_Waldo,2018-06-23,27.762,0.0,19.036
2019_Waldo,2018-06-24,25.9,3.317,18.805
2019_Waldo,2018-06-25,24.855,1.684,20.698
2019_Waldo,2018-06-26,28.118,0.002,18.678
2019_Waldo,2018-06-27,28.906,0.0,18.38
2019_Waldo,2018-06-28,26.571,0.0,16.372
2019_Waldo,2018-06-29,25.366,0.0,17.419
2019_Waldo,2018-06-30,26.679,0.056,17.894
2019_Waldo,2018-07-01,26.703,0.698,17.314
2019_Waldo,2018-07-02,26.776,0.0,19.225
2019_Waldo,2018-07-03,26.025,2.326,17.521
2019_Waldo,2018-07-04,27.358,0.0,18.819
2019_Waldo,2018-07-05,27.286,0.0,17.438
2019_Waldo,2018-07-06,25.634,0.0,17.261
2019_Waldo,2018-07-07,27.344,0.0,16.984
2019_Waldo,2018-07-08,28.375,4.258,16.929
2019_Waldo,2018-07-09,26.81,1.201,18.499
2019_Waldo,2018-07-10,26.335,0.0,14.318
2019_Waldo,2018-07-11,26.416,0.0,14.498
2019_Waldo,2018-07-12,26.94,0.137,15.823
2019_Waldo,2018-07-13,24.974,1.089,16.251
2019_Waldo,2018-07-14,26.395,0.265,16.802
2019_Waldo,2018-07-15,25.849,0.0,16.466
2019_Waldo,2018-07-16,27.531,6.611,15.494
2019_Waldo,2018-07-17,25.8,0.0,16.79
2019_Waldo,2018-07-18,27.154,3.863,16.699
2019_Waldo,2018-07-19,24.812,0.0,15.757
2019_Waldo,2018-07-20,26.035,3.988,16.447
2019_Waldo,2018-07-21,25.687,0.0,15.675
2019_Waldo,2018-07-22,24.598,0.0,14.765
2019_Waldo,2018-07-23,25.294,6.835,15.957
2019_Waldo,2018-07-24,25.977,0.149,15.31
2019_Waldo,2018-07-25,24.6,0.0,15.148
2019_Waldo,2018-07-26,23.355,3.66,16.575
2019_Waldo,2018-07-27,24.541,1.087,12.615
2019_Waldo,2018-07-28,23.679,0.0,13.619
2019_Waldo,2018-07-29,23.971,0.0,13.829
2019_Waldo,2018-07-30,24.023,0.0,14.641
2019_Waldo,2018-07-31,22.567,0.392,14.745
2019_Waldo,2018-08-01,22.482,0.0,13.497
2019_Waldo,2018-08-02,24.004,0.0,14.031
2019_Waldo,2018-08-03,23.044,0.859,14.176
2019_Waldo,2018-08-04,21.256,0.147,17.523
2019_Waldo,2018-08-05,23.783,7.416,16.904
2019_Waldo,2018-08-06,23.223,0.407,14.735
2019_Waldo,2018-08-07,22.285,1.779,14.836
2019_Waldo,2018-08-08,21.658,1.529,14.11
2019_Waldo,2018-08-09,23.238,2.858,13.419
2019_Waldo,2018-08-10,22.711,0.0,15.285
2019_Waldo,2018-08-11,24.204,0.0,14.486
2019_Waldo,2018-08-12,22.504,0.0,15.488
2019_Waldo,2018-08-13,22.354,18.945,14.068
2019_Waldo,2018-08-14,21.791,0.0,15.009
2019_Waldo,2018-08-15,22.464,0.0,16.027
2019_Waldo,2018-08-16,22.202,6.2,16.359
2019_Waldo,2018-08-17,22.602,0.0,16.53
2019_Waldo,2018-08-18,21.088,0.0,14.916
2019_Waldo,2018-08-19,21.067,6.386,17.221
2019_Waldo,2018-08-20,20.95,3.888,15.7
2019_Waldo,2018-08-21,21.891,0.0,17.271
2019_Waldo,2018-08-22,22.39,0.0,16.769
2019_Waldo,2018-08-23,20.764,0.0,15.549
2019_Waldo,2018-08-24,20.739,0.195,16.757
2019_Waldo,2018-08-25,21.285,0.15,17.589
2019_Waldo,2018-08-26,20.801,0.0,17.989
2019_Waldo,2018-08-27,21.73,6.367,17.39
2019_Waldo,2018-08-28,19.147,0.0,19.218
2019_Waldo,2018-08-29,20.274,0.0,18.851
2019_Waldo,2018-08-30,20.306,0.295,17.743
2019_Waldo,2018-08-31,19.08,0.0,18.907
2019_Waldo,2018-09-01,20.177,0.0,20.247
2019_Waldo,2018-09-02,20.237,0.0,20.43
2019_Waldo,2018-09-03,20.836,1.276,17.396
2019_Waldo,2018-09-04,21.924,0.207,17.85
2019_Waldo,2018-09-05,20.882,0.301,20.412
2019_Waldo,2018-09-06,20.306,0.0,18.017
2019_Waldo,2018-09-07,21.145,0.0,17.898
2019_Waldo,2018-09-08,22.098,9.199,18.876
2019_Waldo,2018-09-09,20.553,0.0,19.92
2019_Waldo,2018-09-10,20.687,1.113,19.532
2019_Waldo,2018-09-11,21.951,0.365,19.113
2019_Waldo,2018-09-12,21.423,0.0,19.214
2019_Waldo,2018-09-13,22.22,9.441,19.295
2019_Waldo,2018-09-14,21.799,0.0,19.242
2019_Waldo,2018-09-15,22.486,0.0,22.511
2019_Waldo,2018-09-16,21.216,4.133,20.629
2019_Waldo,2018-09-17,22.159,0.0,21.314
2019_Waldo,2018-09-18,22.129,1.293,20.027
2019_Waldo,2018-09-19,21.459,0.001,20.412
2019_Waldo,2018-09-20,21.319,0.075,19.959
2019_Waldo,2018-09-21,23.26,0.215,18.089
2019_Waldo,2018-09-22,22.576,0.0,19.423
2019_Waldo,2018-09-23,22.187,0.0,19.043
2019_Waldo,2018-09-24,23.078,3.757,18.648
2019_Waldo,2018-09-25,24.21,2.936,19.739
2019_Waldo,2018-09-26,21.638,0.0,22.288
2019_Waldo,2018-09-27,22.421,0.0,20.939
2019_Waldo,2018-09-28,23.036,0.0,22.286
2020_Waldo,2019-06-01,25.332,1.863,21.111
2020_Waldo,2019-06-02,24.142,0.0,20.607
2020_Waldo,2019-06-03,25.438,8.417,22.461
2020_Waldo,2019-06-04,25.758,10.561,21.47
2020_Waldo,2019-06-05,24.868,0.188,19.623
2020_Waldo,2019-06-06,25.93,0.0,21.569
2020_Waldo,2019-06-07,26.085,0.0,20.079
2020_Waldo,2019-06-08,25.341,2.1,20.224
2020_Waldo,2019-06-09,25.027,0.0,21.054
2020_Waldo,2019-06-10,25.12,0.371,20.181
2020_Waldo,2019-06-11,26.275,6.896,21.491
2020_Waldo,2019-06-12,26.601,0.0,19.742
2020_Waldo,2019-06-13,25.835,0.21,19.808
2020_Waldo,2019-06-14,26.615,1.94,19.675
2020_Waldo,2019-06-15,27.169,8.213,19.664
2020_Waldo,2019-06-16,27.321,0.0,21.221
2020_Waldo,2019-06-17,28.176,1.389,20.636
2020_Waldo,2019-06-18,28.059,0.0,21.598
2020_Waldo,2019-06-19,26.332,0.128,22.031
2020_Waldo,2019-06-20,28.568,4.642,18.603
2020_Waldo,2019-06-21,26.879,10.147,19.57
2020_Waldo,2019-06-22,28.214,0.0,18.186
2020_Waldo,2019-06-23,27.501,0.0,18.443
2020_Waldo,2019-06-24,27.177,0.0,18.445
2020_Waldo,2019-06-25,26.113,0.0,17.87
2020_Waldo,2019-06-26,27.466,0.0,17.725
2020_Waldo,2019-06-27,26.392,0.387,18.479
2020_Waldo,2019-06-28,28.442,0.0,17.253
2020_Waldo,2019-06-29,28.902,2.595,19.156
2020_Waldo,2019-06-30,27.064,5.061,17.239
2020_Waldo,2019-07-01,27.947,0.0,20.81
2020_Waldo,2019-07-02,27.121,0.891,17.392
2020_Waldo,2019-07-03,27.186,0.478,17.758
2020_Waldo,2019-07-04,28.288,0.0,16.235
2020_Waldo,2019-07-05,27.609,0.0,19.082
2020_Waldo,2019-07-06,28.995,0.353,18.343
2020_Waldo,2019-07-07,27.173,2.865,17.37
2020_Waldo,2019-07-08,28.306,3.696,15.578
2020_Waldo,2019-07-09,27.524,0.165,16.99
2020_Waldo,2019-07-10,28.015,1.763,15.517
2020_Waldo,2019-07-11,26.946,0.0,17.962
2020_Waldo,2019-07-12,27.182,1.509,17.175
2020_Waldo,2019-07-13,27.04,0.0,16.332
2020_Waldo,2019-07-14,26.368,0.484,13.676
2020_Waldo,2019-07-15,27.465,0.0,15.009
2020_Waldo,2019-07-16,27.347,0.0,16.566
2020_Waldo,2019-07-17,27.188,1.495,16.983
2020_Waldo,2019-07-18,27.823,0.0,16.778
2020_Waldo,2019-07-19,27.628,4.678,13.981
2020_Waldo,2019-07-20,26.039,0.0,15.786
2020_Waldo,2019-07-21,26.504,2.644,16.417
2020_Waldo,2019-07-22,25.569,2.964,13.669
2020_Waldo,2019-07-23,25.944,0.0,15.251
2020_Waldo,2019-07-24,25.301,1.229,15.473
2020_Waldo,2019-07-25,26.929,0.0,14.846
2020_Waldo,2019-07-26,25.773,1.407,13.25
2020_Waldo,2019-07-27,25.155,4.043,14.74
2020_Waldo,2019-07-28,26.13,0.397,14.71
2020_Waldo,2019-07-29,23.283,0.0,14.868
2020_Waldo,2019-07-30,23.251,0.0,14.441
2020_Waldo,2019-07-31,25.342,4.294,14.557
2020_Waldo,2019-08-01,24.597,0.332,14.964
2020_Waldo,2019-08-02,24.592,0.0,15.459
2020_Waldo,2019-08-03,23.175,0.0,14.733
2020_Waldo,2019-08-04,24.063,0.0,14.656
2020_Waldo,2019-08-05,25.532,3.468,15.195
2020_Waldo,2019-08-06,24.438,0.0,13.226
2020_Waldo,2019-08-07,23.766,0.0,15.676
2020_Waldo,2019-08-08,23.134,1.346,15.259
2020_Waldo,2019-08-09,23.028,0.0,15.367
2020_Waldo,2019-08-10,21.502,0.335,16.363
2020_Waldo,2019-08-11,23.278,0.0,13.531
2020_Waldo,2019-08-12,23.619,4.148,13.599
2020_Waldo,2019-08-13,21.557,0.625,15.942
2020_Waldo,2019-08-14,22.169,1.298,15.763
2020_Waldo,2019-08-15,21.658,0.0,16.049
2020_Waldo,2019-08-16,21.704,0.0,15.53
2020_Waldo,2019-08-17,22.417,1.626,16.776
2020_Waldo,2019-08-18,20.611,0.0,17.169
2020_Waldo,2019-08-19,22.681,0.0,16.85
2020_Waldo,2019-08-20,22.71,0.0,16.239
2020_Waldo,2019-08-21,21.832,0.011,14.53
2020_Waldo,2019-08-22,19.98,1.605,17.549
2020_Waldo,2019-08-23,21.108,2.106,18.147
2020_Waldo,2019-08-24,22.839,5.937,17.718
2020_Waldo,2019-08-25,19.585,0.0,16.344
2020_Waldo,2019-08-26,21.493,0.0,18.05
2020_Waldo,2019-08-27,20.798,0.0,18.391
2020_Waldo,2019-08-28,22.366,0.61,19.245
2020_Waldo,2019-08-29,21.17,0.0,16.967
2020_Waldo,2019-08-30,22.029,2.022,17.774
2020_Waldo,2019-08-31,22.162,0.318,18.904
2020_Waldo,2019-09-01,23.191,0.0,18.371
2020_Waldo,2019-09-02,21.58,1.124,17.352
2020_Waldo,2019-09-03,22.072,0.0,19.038
2020_Waldo,2019-09-04,20.62,0.333,19.355
2020_Waldo,2019-09-05,22.805,0.599,19.015
2020_Waldo,2019-09-06,21.296,0.241,19.295
2020_Waldo,2019-09-07,21.516,0.0,18.962
2020_Waldo,2019-09-08,22.015,0.0,20.84
2020_Waldo,2019-09-09,20.857,0.0,18.599
2020_Waldo,2019-09-10,22.372,0.0,19.047
2020_Waldo,2019-09-11,23.052,0.0,19.774
2020_Waldo,2019-09-12,22.608,0.0,20.767
2020_Waldo,2019-09-13,21.205,0.424,18.51
2020_Waldo,2019-09-14,22.485,0.0,18.811
2020_Waldo,2019-09-15,23.292,0.0,18.192
2020_Waldo,2019-09-16,21.315,0.987,20.364
2020_Waldo,2019-09-17,22.082,0.389,19.309
2020_Waldo,2019-09-18,23.773,1.517,20.131
2020_Waldo,2019-09-19,23.422,2.753,21.259
2020_Waldo,2019-09-20,23.673,1.126,20.031
2020_Waldo,2019-09-21,24.973,4.194,20.972
2020_Waldo,2019-09-22,24.005,0.0,20.501
2020_Waldo,2019-09-23,24.305,0.36,21.525
2020_Waldo,2019-09-24,26.098,0.0,21.373
2020_Waldo,2019-09-25,23.911,0.0,20.243
2020_Waldo,2019-09-26,23.598,0.0,20.794
2020_Waldo,2019-09-27,24.734,0.0,22.027
2020_Waldo,2019-09-28,24.9,0.297,21.389
2018_Citra,2017-06-01,24.326,1.084,21.324
2018_Citra,2017-06-02,23.091,0.0,22.205
2018_Citra,2017-06-03,25.245,0.0,22.555
2018_Citra,2017-06-04,25.09,1.734,22.533
2018_Citra,2017-06-05,24.657,4.698,19.936
2018_Citra,2017-06-06,24.704,0.017,20.546
2018_Citra,2017-06-07,24.561,0.0,21.334
2018_Citra,2017-06-08,25.419,0.0,23.333
2018_Citra,2017-06-09,24.725,0.0,22.221
2018_Citra,2017-06-10,25.352,1.329,21.792
2018_Citra,2017-06-11,25.999,0.0,20.21
2018_Citra,2017-06-12,24.986,0.0,19.633
2018_Citra,2017-06-13,25.072,0.801,21.216
2018_Citra,2017-06-14,24.734,16.737,19.231
2018_Citra,2017-06-15,24.957,0.219,19.991
2018_Citra,2017-06-16,24.46,0.0,20.007
2018_Citra,2017-06-17,26.615,0.0,21.6
2018_Citra,2017-06-18,27.58,0.0,19.533
2018_Citra,2017-06-19,27.369,0.0,17.324
2018_Citra,2017-06-20,25.017,0.0,20.138
2018_Citra,2017-06-21,26.979,0.0,18.801
2018_Citra,2017-06-22,27.612,1.066,19.405
2018_Citra,2017-06-23,26.177,16.327,19.134
2018_Citra,2017-06-24,26.683,1.074,18.801
2018_Citra,2017-06-25,25.048,0.0,19.717
2018_Citra,2017-06-26,26.913,0.0,17.244
2018_Citra,2017-06-27,25.885,0.0,18.107
2018_Citra,2017-06-28,26.924,0.0,19.153
2018_Citra,2017-06-29,25.536,0.0,17.7
2018_Citra,2017-06-30,27.232,0.0,16.548
2018_Citra,2017-07-01,27.621,8.271,18.669
2018_Citra,2017-07-02,26.171,0.0,18.966
2018_Citra,2017-07-03,25.876,0.203,17.641
2018_Citra,2017-07-04,25.04,0.0,15.57
2018_Citra,2017-07-05,26.523,0.0,18.082
2018_Citra,2017-07-06,26.234,0.0,15.564
2018_Citra,2017-07-07,25.414,0.0,17.382
2018_Citra,2017-07-08,26.965,0.0,16.037
2018_Citra,2017-07-09,26.182,1.854,15.62
2018_Citra,2017-07-10,25.614,0.0,16.196
2018_Citra,2017-07-11,25.956,0.0,16.317
2018_Citra,2017-07-12,27.175,0.04,15.722
2018_Citra,2017-07-13,26.711,0.0,16.825
2018_Citra,2017-07-14,26.029,0.03,15.666
2018_Citra,2017-07-15,26.526,0.0,16.973
2018_Citra,2017-07-16,24.994,1.045,16.16
2018_Citra,2017-07-17,25.835,0.0,15.073
2018_Citra,2017-07-18,25.807,0.0,14.803
2018_Citra,2017-07-19,25.189,1.844,13.925
2018_Citra,2017-07-20,25.784,4.531,15.775
2018_Citra,2017-07-21,24.677,0.0,15.047
2018_Citra,2017-07-22,25.571,1.275,12.955
2018_Citra,2017-07-23,25.463,0.0,14.724
2018_Citra,2017-07-24,22.543,0.0,14.298
2018_Citra,2017-07-25,25.681,0.0,16.723
2018_Citra,2017-07-26,22.14,0.032,13.399
2018_Citra,2017-07-27,23.932,0.0,13.624
2018_Citra,2017-07-28,25.091,6.542,16.147
2018_Citra,2017-07-29,23.861,0.0,16.373
2018_Citra,2017-07-30,22.786,0.044,14.259
2018_Citra,2017-07-31,22.927,0.601,14.368
2018_Citra,2017-08-01,24.466,0.0,15.62
2018_Citra,2017-08-02,21.951,0.0,12.689
2018_Citra,2017-08-03,24.235,0.0,13.176
2018_Citra,2017-08-04,23.134,1.655,14.785
2018_Citra,2017-08-05,22.071,0.0,16.652
2018_Citra,2017-08-06,22.408,0.0,14.711
2018_Citra,2017-08-07,21.913,0.0,15.3
2018_Citra,2017-08-08,23.274,5.603,16.393
2018_Citra,2017-08-09,23.025,0.0,17.434
2018_Citra,2017-08-10,20.926,0.0,14.825
2018_Citra,2017-08-11,21.845,0.246,15.467
2018_Citra,2017-08-12,21.348,0.0,17.395
2018_Citra,2017-08-13,22.948,2.231,14.146
2018_Citra,2017-08-14,20.714,0.0,16.798
2018_Citra,2017-08-15,22.964,0.0,14.86
2018_Citra,2017-08-16,21.545,0.07,16.095
2018_Citra,2017-08-17,20.541,5.407,15.869
2018_Citra,2017-08-18,20.833,1.716,15.279
2018_Citra,2017-08-19,20.644,0.0,15.383
2018_Citra,2017-08-20,20.184,0.0,16.776
2018_Citra,2017-08-21,21.204,0.0,17.634
2018_Citra,2017-08-22,20.079,0.0,16.65
2018_Citra,2017-08-23,19.256,0.0,16.995
2018_Citra,2017-08-24,20.645,0.0,17.644
2018_Citra,2017-08-25,19.461,0.0,16.252
2018_Citra,2017-08-26,20.265,0.0,18.116
2018_Citra,2017-08-27,20.111,0.0,18.35
2018_Citra,2017-08-28,20.121,0.0,20.29
2018_Citra,2017-08-29,22.406,1.368,17.467
2018_Citra,2017-08-30,20.847,0.373,17.542
2018_Citra,2017-08-31,21.002,0.0,18.926
2018_Citra,2017-09-01,19.397,2.87,19.133
2018_Citra,2017-09-02,20.315,2.888,17.934
2018_Citra,2017-09-03,21.039,0.0,18.221
2018_Citra,2017-09-04,20.084,0.0,19.318
2018_Citra,2017-09-05,21.675,0.0,18.099
2018_Citra,2017-09-06,20.039,0.0,18.665
2018_Citra,2017-09-07,20.832,0.073,19.31
2018_Citra,2017-09-08,20.66,0.566,20.358
2018_Citra,2017-09-09,21.335,0.0,18.895
2018_Citra,2017-09-10,20.773,2.604,17.792
2018_Citra,2017-09-11,21.158,0.0,17.847
2018_Citra,2017-09-12,21.281,4.493,18.629
2018_Citra,2017-09-13,20.985,2.258,18.694
2018_Citra,2017-09-14,22.068,0.0,19.967
2018_Citra,2017-09-15,21.985,0.0,19.041
2018_Citra,2017-09-16,21.843,1.249,19.629
2018_Citra,2017-09-17,21.694,0.134,19.653
2018_Citra,2017-09-18,22.805,0.0,20.076
2018_Citra,2017-09-19,22.113,0.0,21.921
2018_Citra,2017-09-20,22.194,0.0,21.335
2018_Citra,2017-09-21,22.665,2.471,20.757
2018_Citra,2017-09-22,24.084,6.102,20.34
2018_Citra,2017-09-23,21.802,0.035,20.42
2018_Citra,2017-09-24,23.641,0.449,21.226
2018_Citra,2017-09-25,21.663,2.815,21.519
2018_Citra,2017-09-26,23.506,0.368,20.055
2018_Citra,2017-09-27,24.748,0.0,21.02
2018_Citra,2017-09-28,24.035,0.136,18.964
2019_Citra,2018-06-01,25.466,2.085,20.91
2019_Citra,2018-06-02,24.789,0.0,22.541
2019_Citra,2018-06-03,26.623,1.095,20.788
2019_Citra,2018-06-04,24.62,0.539,21.222
2019_Citra,2018-06-05,25.654,5.175,19.613
2019_Citra,2018-06-06,25.604,0.0,20.451
2019_Citra,2018-06-07,25.703,0.0,21.064
2019_Citra,2018-06-08,25.84,0.0,22.387
2019_Citra,2018-06-09,26.162,0.0,20.963
2019_Citra,2018-06-10,26.896,0.0,22.057
2019_Citra,2018-06-11,27.458,5.454,21.239
2019_Citra,2018-06-12,26.488,0.0,22.143
2019_Citra,2018-06-13,27.271,6.439,20.368
2019_Citra,2018-06-14,26.182,0.0,22.722
2019_Citra,2018-06-15,27.476,0.0,19.744
2019_Citra,2018-06-16,26.368,0.0,19.355
2019_Citra,2018-06-17,27.958,0.0,18.797
2019_Citra,2018-06-18,28.956,1.028,22.219
2019_Citra,2018-06-19,27.185,20.02,20.583
2019_Citra,2018-06-20,25.618,0.307,19.3
2019_Citra,2018-06-21,27.015,0.0,20.749
2019_Citra,2018-06-22,28.514,7.02,20.05
2019_Citra,2018-06-23,28.039,0.0,21.186
2019_Citra,2018-06-24,27.856,5.323,17.527
2019_Citra,2018-06-25,28.516,0.0,18.662
2019_Citra,2018-06-26,28.141,0.0,18.314
2019_Citra,2018-06-27,28.764,0.0,16.65
2019_Citra,2018-06-28,28.554,0.0,19.53
2019_Citra,2018-06-29,29.057,0.0,18.043
2019_Citra,2018-06-30,28.139,0.479,18.897
2019_Citra,2018-07-01,28.58,2.018,20.36
2019_Citra,2018-07-02,27.606,5.212,17.49
2019_Citra,2018-07-03,27.358,0.0,17.265
2019_Citra,2018-07-04,29.184,3.974,17.649
2019_Citra,2018-07-05,27.963,0.0,18.364
2019_Citra,2018-07-06,28.398,0.0,16.657
2019_Citra,2018-07-07,27.808,0.0,16.442
2019_Citra,2018-07-08,27.187,0.0,17.982
2019_Citra,2018-07-09,27.605,1.829,17.158
2019_Citra,2018-07-10,28.678,0.0,14.593
2019_Citra,2018-07-11,27.898,0.0,15.275
2019_Citra,2018-07-12,26.003,4.368,17.867
2019_Citra,2018-07-13,27.111,0.0,16.639
2019_Citra,2018-07-14,28.613,0.364,15.35
2019_Citra,2018-07-15,26.914,0.0,15.822
2019_Citra,2018-07-16,25.537,3.726,15.892
2019_Citra,2018-07-17,28.378,0.11,16.506
2019_Citra,2018-07-18,27.29,4.995,14.31
2019_Citra,2018-07-19,26.563,3.384,14.732
2019_Citra,2018-07-20,26.193,1.799,15.757
2019_Citra,2018-07-21,27.222,11.373,15.302
2019_Citra,2018-07-22,25.784,0.0,15.899
2019_Citra,2018-07-23,26.995,0.0,14.03
2019_Citra,2018-07-24,26.365,0.054,15.556
2019_Citra,2018-07-25,25.979,0.0,16.238
2019_Citra,2018-07-26,25.749,0.0,15.589
2019_Citra,2018-07-27,25.34,0.0,15.205
2019_Citra,2018-07-28,26.162,0.0,14.941
2019_Citra,2018-07-29,24.477,0.0,14.182
2019_Citra,2018-07-30,23.715,1.894,14.932
2019_Citra,2018-07-31,25.347,1.046,16.26
2019_Citra,2018-08-01,25.204,0.099,14.885
2019_Citra,2018-08-02,24.926,0.0,14.127
2019_Citra,2018-08-03,24.713,0.0,14.545
2019_Citra,2018-08-04,23.976,0.913,15.266
2019_Citra,2018-08-05,24.709,0.0,14.729
2019_Citra,2018-08-06,23.892,2.328,15.632
2019_Citra,2018-08-07,23.391,0.0,15.722
2019_Citra,2018-08-08,23.386,0.307,16.148
2019_Citra,2018-08-09,25.11,0.0,16.751
2019_Citra,2018-08-10,21.968,0.04,16.398
2019_Citra,2018-08-11,23.622,2.034,14.55
2019_Citra,2018-08-12,21.749,0.0,14.669
2019_Citra,2018-08-13,22.881,3.15,15.593
2019_Citra,2018-08-14,22.502,0.0,15.319
2019_Citra,2018-08-15,21.067,3.947,14.74
2019_Citra,2018-08-16,22.938,0.46,15.551
2019_Citra,2018-08-17,22.22,0.0,15.638
2019_Citra,2018-08-18,20.749,0.0,15.565
2019_Citra,2018-08-19,23.011,5.666,16.05
2019_Citra,2018-08-20,23.406,0.0,17.678
2019_Citra,2018-08-21,23.375,0.618,16.837
2019_Citra,2018-08-22,22.402,0.049,19.252
2019_Citra,2018-08-23,22.092,1.268,17.095
2019_Citra,2018-08-24,23.065,0.0,16.783
2019_Citra,2018-08-25,23.304,2.261,17.228
2019_Citra,2018-08-26,22.828,0.079,17.633
2019_Citra,2018-08-27,21.14,0.0,17.966
2019_Citra,2018-08-28,22.033,0.0,19.763
2019_Citra,2018-08-29,22.212,0.0,16.998
2019_Citra,2018-08-30,20.408,0.0,18.859
2019_Citra,2018-08-31,22.235,1.262,18.365
2019_Citra,2018-09-01,23.691,0.0,16.742
2019_Citra,2018-09-02,22.405,1.8,19.24
2019_Citra,2018-09-03,23.1,0.0,19.891
2019_Citra,2018-09-04,22.104,0.0,17.919
2019_Citra,2018-09-05,21.944,0.0,18.918
2019_Citra,2018-09-06,22.36,0.035,17.35
2019_Citra,2018-09-07,21.463,0.551,17.961
2019_Citra,2018-09-08,21.412,0.0,20.41
2019_Citra,2018-09-09,23.271,1.117,19.034
2019_Citra,2018-09-10,23.438,0.0,18.525
2019_Citra,2018-09-11,21.636,0.0,19.993
2019_Citra,2018-09-12,23.299,0.0,19.366
2019_Citra,2018-09-13,22.557,0.209,19.537
2019_Citra,2018-09-14,23.006,2.452,20.861
2019_Citra,2018-09-15,23.217,0.125,19.068
2019_Citra,2018-09-16,23.763,0.0,19.426
2019_Citra,2018-09-17,23.159,0.0,20.581
2019_Citra,2018-09-18,24.35,0.264,21.485
2019_Citra,2018-09-19,23.603,0.0,21.836
2019_Citra,2018-09-20,23.993,3.46,20.008
2019_Citra,2018-09-21,22.969,1.855,21.678
2019_Citra,2018-09-22,25.508,0.0,20.017
2019_Citra,2018-09-23,24.305,0.534,22.679
2019_Citra,2018-09-24,24.65,0.033,19.764
2019_Citra,2018-09-25,22.946,0.0,22.263
2019_Citra,2018-09-26,23.728,0.072,20.307
2019_Citra,2018-09-27,25.533,3.207,22.997
2019_Citra,2018-09-28,24.928,0.0,21.587
2020_Citra,2019-06-01,24.074,4.222,20.95
2020_Citra,2019-06-02,25.274,0.0,22.343
2020_Citra,2019-06-03,25.648,0.075,22.785
2020_Citra,2019-06-04,24.905,2.359,21.411
2020_Citra,2019-06-05,25.151,0.0,20.558
2020_Citra,2019-06-06,25.875,1.943,23.391
2020_Citra,2019-06-07,25.524,0.0,20.426
2020_Citra,2019-06-08,24.532,3.923,20.23
2020_Citra,2019-06-09,25.062,0.0,18.966
2020_Citra,2019-06-10,26.042,0.008,22.069
2020_Citra,2019-06-11,26.964,3.503,21.566
2020_Citra,2019-06-12,27.419,2.4,22.934
2020_Citra,2019-06-13,26.879,0.0,19.038
2020_Citra,2019-06-14,26.61,1.679,21.79
2020_Citra,2019-06-15,27.098,0.0,20.3
2020_Citra,2019-06-16,26.08,0.022,20.927
2020_Citra,2019-06-17,26.599,0.0,18.36
2020_Citra,2019-06-18,26.164,0.0,21.356
2020_Citra,2019-06-19,25.92,0.0,20.55
2020_Citra,2019-06-20,27.275,0.0,19.595
2020_Citra,2019-06-21,27.238,0.0,20.145
2020_Citra,2019-06-22,27.715,1.658,18.596
2020_Citra,2019-06-23,27.67,0.0,18.641
2020_Citra,2019-06-24,27.487,4.529,18.612
2020_Citra,2019-06-25,27.79,0.0,17.074
2020_Citra,2019-06-26,27.356,0.038,19.638
2020_Citra,2019-06-27,27.757,1.612,19.815
2020_Citra,2019-06-28,26.874,0.0,17.768
2020_Citra,2019-06-29,27.771,3.136,18.662
2020_Citra,2019-06-30,28.023,0.78,17.891
2020_Citra,2019-07-01,26.956,2.239,18.328
2020_Citra,2019-07-02,27.529,0.0,17.215
2020_Citra,2019-07-03,26.977,0.0,16.803
2020_Citra,2019-07-04,27.034,0.229,18.583
2020_Citra,2019-07-05,26.526,0.0,17.312
2020_Citra,2019-07-06,28.402,1.684,19.246
2020_Citra,2019-07-07,28.198,0.0,17.119
2020_Citra,2019-07-08,27.723,1.381,15.999
2020_Citra,2019-07-09,28.81,0.0,18.007
2020_Citra,2019-07-10,27.014,0.0,17.269
2020_Citra,2019-07-11,29.515,0.409,17.227
2020_Citra,2019-07-12,26.826,1.964,17.557
2020_Citra,2019-07-13,27.123,1.3,15.584
2020_Citra,2019-07-14,26.505,0.237,15.985
2020_Citra,2019-07-15,27.019,0.0,15.821
2020_Citra,2019-07-16,27.282,0.0,14.588
2020_Citra,2019-07-17,26.408,0.0,15.507
2020_Citra,2019-07-18,27.801,0.0,17.005
2020_Citra,2019-07-19,26.447,0.0,15.81
2020_Citra,2019-07-20,26.342,7.295,14.138
2020_Citra,2019-07-21,25.265,0.0,13.846
2020_Citra,2019-07-22,26.189,0.0,16.992
2020_Citra,2019-07-23,25.605,0.0,15.169
2020_Citra,2019-07-24,25.081,0.0,14.552
2020_Citra,2019-07-25,24.798,0.0,14.873
2020_Citra,2019-07-26,27.406,2.54,13.625
2020_Citra,2019-07-27,24.905,0.0,16.489
2020_Citra,2019-07-28,23.796,6.671,14.644
2020_Citra,2019-07-29,24.247,2.926,16.384
2020_Citra,2019-07-30,24.608,0.277,15.056
2020_Citra,2019-07-31,24.929,0.121,16.43
2020_Citra,2019-08-01,24.779,0.0,15.261
2020_Citra,2019-08-02,24.72,0.0,15.87
2020_Citra,2019-08-03,23.507,0.0,15.756
2020_Citra,2019-08-04,24.141,0.819,15.689
2020_Citra,2019-08-05,23.015,0.003,15.45
2020_Citra,2019-08-06,23.069,0.0,14.914
2020_Citra,2019-08-07,22.683,0.0,17.115
2020_Citra,2019-08-08,22.321,7.333,14.352
2020_Citra,2019-08-09,23.981,3.149,15.331
2020_Citra,2019-08-10,23.543,0.816,15.417
2020_Citra,2019-08-11,23.639,3.302,15.886
2020_Citra,2019-08-12,22.76,0.0,15.143
2020_Citra,2019-08-13,23.225,22.376,15.983
2020_Citra,2019-08-14,21.076,0.0,15.602
2020_Citra,2019-08-15,23.061,0.0,14.297
2020_Citra,2019-08-16,22.404,1.361,16.002
2020_Citra,2019-08-17,22.662,0.003,15.011
2020_Citra,2019-08-18,22.369,0.0,14.502
2020_Citra,2019-08-19,21.186,2.537,16.503
2020_Citra,2019-08-20,20.695,0.0,16.988
2020_Citra,2019-08-21,21.249,1.3,17.165
2020_Citra,2019-08-22,22.203,0.0,17.347
2020_Citra,2019-08-23,22.243,1.99,14.992
2020_Citra,2019-08-24,20.544,0.0,15.712
2020_Citra,2019-08-25,20.809,0.0,19.197
2020_Citra,2019-08-26,20.979,0.0,16.329
2020_Citra,2019-08-27,21.243,5.985,18.142
2020_Citra,2019-08-28,20.419,0.0,16.999
2020_Citra,2019-08-29,20.358,0.0,17.923
2020_Citra,2019-08-30,20.835,0.426,17.367
2020_Citra,2019-08-31,21.565,0.0,18.719
2020_Citra,2019-09-01,20.564,0.0,18.45
2020_Citra,2019-09-02,21.436,0.0,18.021
2020_Citra,2019-09-03,22.404,1.075,17.574
2020_Citra,2019-09-04,20.553,0.0,19.044
2020_Citra,2019-09-05,21.474,0.0,17.714
2020_Citra,2019-09-06,22.511,0.0,19.503
2020_Citra,2019-09-07,21.417,0.0,21.847
2020_Citra,2019-09-08,21.36,0.0,20.712
2020_Citra,2019-09-09,22.825,0.0,20.218
2020_Citra,2019-09-10,21.731,0.0,19.548
2020_Citra,2019-09-11,22.949,0.0,17.825
2020_Citra,2019-09-12,22.504,2.445,18.566
2020_Citra,2019-09-13,21.988,0.0,21.29
2020_Citra,2019-09-14,22.754,0.0,19.332
2020_Citra,2019-09-15,22.741,1.265,19.53
2020_Citra,2019-09-16,23.421,0.275,20.166
2020_Citra,2019-09-17,22.29,1.546,19.365
2020_Citra,2019-09-18,22.891,0.0,19.289
2020_Citra,2019-09-19,22.943,0.0,20.548
2020_Citra,2019-09-20,23.693,0.0,19.781
2020_Citra,2019-09-21,22.452,0.0,20.0
2020_Citra,2019-09-22,24.23,0.0,20.02
2020_Citra,2019-09-23,23.938,1.929,21.376
2020_Citra,2019-09-24,22.662,0.0,20.666
2020_Citra,2019-09-25,24.835,1.469,20.756
2020_Citra,2019-09-26,25.81,0.0,21.56
2020_Citra,2019-09-27,24.98,0.0,20.842
2020_Citra,2019-09-28,25.477,1.76,20.718
2018_Dole,2017-06-01,25.77,0.0,21.888
2018_Dole,2017-06-02,25.275,0.0,22.118
2018_Dole,2017-06-03,25.613,0.0,20.64
2018_Dole,2017-06-04,25.079,0.0,20.997
2018_Dole,2017-06-05,25.17,0.0,21.235
2018_Dole,2017-06-06,26.627,1.621,21.452
2018_Dole,2017-06-07,26.518,0.871,20.72
2018_Dole,2017-06-08,26.675,1.625,20.681
2018_Dole,2017-06-09,26.68,0.0,22.12
2018_Dole,2017-06-10,26.634,0.0,21.883
2018_Dole,2017-06-11,27.292,0.0,21.075
2018_Dole,2017-06-12,27.617,0.43,22.235
2018_Dole,2017-06-13,27.728,0.0,20.041
2018_Dole,2017-06-14,27.043,0.0,21.954
2018_Dole,2017-06-15,28.352,0.0,20.772
2018_Dole,2017-06-16,27.539,0.088,23.392
2018_Dole,2017-06-17,27.971,0.0,18.815
2018_Dole,2017-06-18,27.792,0.162,19.199
2018_Dole,2017-06-19,27.86,0.77,20.182
2018_Dole,2017-06-20,27.163,3.338,20.031
2018_Dole,2017-06-21,28.394,0.0,21.45
2018_Dole,2017-06-22,30.184,0.0,18.694
2018_Dole,2017-06-23,27.676,0.0,20.125
2018_Dole,2017-06-24,28.093,0.0,20.238
2018_Dole,2017-06-25,27.731,0.101,19.632
2018_Dole,2017-06-26,27.743,0.0,17.815
2018_Dole,2017-06-27,29.405,0.0,20.031
2018_Dole,2017-06-28,27.66,0.0,19.699
2018_Dole,2017-06-29,27.84,2.208,18.913
2018_Dole,2017-06-30,26.961,0.0,18.361
2018_Dole,2017-07-01,27.629,0.11,18.226
2018_Dole,2017-07-02,26.864,0.0,17.764
2018_Dole,2017-07-03,28.724,0.86,18.327
2018_Dole,2017-07-04,30.438,3.616,17.562
2018_Dole,2017-07-05,27.876,0.0,16.528
2018_Dole,2017-07-06,26.8,0.0,16.175
2018_Dole,2017-07-07,28.808,0.0,16.321
2018_Dole,2017-07-08,27.454,0.0,17.147
2018_Dole,2017-07-09,29.015,0.0,16.753
2018_Dole,2017-07-10,27.683,2.083,16.853
2018_Dole,2017-07-11,27.328,0.554,17.001
2018_Dole,2017-07-12,27.609,0.0,15.739
2018_Dole,2017-07-13,28.268,0.465,17.702
2018_Dole,2017-07-14,27.385,0.0,15.844
2018_Dole,2017-07-15,27.067,4.973,15.559
2018_Dole,2017-07-16,27.197,0.0,16.361
2018_Dole,2017-07-17,26.225,8.532,13.934
2018_Dole,2017-07-18,27.441,0.92,14.878
2018_Dole,2017-07-19,25.569,0.0,16.554
2018_Dole,2017-07-20,26.514,0.0,13.747
2018_Dole,2017-07-21,27.343,0.0,16.519
2018_Dole,2017-07-22,26.84,5.544,16.838
2018_Dole,2017-07-23,26.928,0.0,14.89
2018_Dole,2017-07-24,26.258,9.709,15.491
2018_Dole,2017-07-25,27.098,0.583,16.266
2018_Dole,2017-07-26,26.751,0.6,14.635
2018_Dole,2017-07-27,26.216,0.0,15.933
2018_Dole,2017-07-28,26.447,0.0,14.366
2018_Dole,2017-07-29,26.149,1.348,14.539
2018_Dole,2017-07-30,25.041,0.0,14.205
2018_Dole,2017-07-31,24.16,12.313,15.343
2018_Dole,2017-08-01,25.415,0.0,16.162
2018_Dole,2017-08-02,25.359,0.0,14.832
2018_Dole,2017-08-03,25.638,2.247,13.766
2018_Dole,2017-08-04,23.862,0.0,13.983
2018_Dole,2017-08-05,23.734,0.0,15.497
2018_Dole,2017-08-06,24.676,0.0,16.991
2018_Dole,2017-08-07,24.103,0.0,15.593
2018_Dole,2017-08-08,22.506,0.331,14.872
2018_Dole,2017-08-09,24.173,0.0,16.093
2018_Dole,2017-08-10,22.253,0.0,15.162
2018_Dole,2017-08-11,22.845,0.0,15.106
2018_Dole,2017-08-12,24.553,0.63,14.614
2018_Dole,2017-08-13,24.807,0.0,17.077
2018_Dole,2017-08-14,22.255,2.513,13.231
2018_Dole,2017-08-15,22.85,0.34,16.677
2018_Dole,2017-08-16,23.04,0.0,15.529
2018_Dole,2017-08-17,24.329,0.363,15.702
2018_Dole,2017-08-18,22.414,0.798,17.929
2018_Dole,2017-08-19,22.338,0.0,15.652
2018_Dole,2017-08-20,23.876,0.0,15.82
2018_Dole,2017-08-21,22.262,2.923,16.508
2018_Dole,2017-08-22,23.072,0.736,17.194
2018_Dole,2017-08-23,21.253,0.14,16.483
2018_Dole,2017-08-24,22.245,3.781,15.499
2018_Dole,2017-08-25,21.01,0.0,16.358
2018_Dole,2017-08-26,21.456,5.701,18.658
2018_Dole,2017-08-27,22.944,1.641,17.605
2018_Dole,2017-08-28,22.212,0.0,18.138
2018_Dole,2017-08-29,21.984,0.0,17.582
2018_Dole,2017-08-30,21.636,0.0,17.341
2018_Dole,2017-08-31,22.063,5.01,19.835
2018_Dole,2017-09-01,22.493,0.0,18.125
2018_Dole,2017-09-02,23.058,1.757,18.026
2018_Dole,2017-09-03,20.201,0.0,19.72
2018_Dole,2017-09-04,21.672,0.0,18.054
2018_Dole,2017-09-05,22.509,1.241,18.332
2018_Dole,2017-09-06,22.355,0.0,19.085
2018_Dole,2017-09-07,22.817,1.658,19.22
2018_Dole,2017-09-08,22.776,0.0,19.622
2018_Dole,2017-09-09,22.393,1.068,21.592
2018_Dole,2017-09-10,22.298,0.0,19.97
2018_Dole,2017-09-11,22.612,1.489,17.385
2018_Dole,2017-09-12,23.823,0.028,20.214
2018_Dole,2017-09-13,22.42,0.0,20.045
2018_Dole,2017-09-14,23.064,0.0,20.165
2018_Dole,2017-09-15,23.375,0.0,20.475
2018_Dole,2017-09-16,24.596,1.36,20.303
2018_Dole,2017-09-17,23.232,1.79,20.374
2018_Dole,2017-09-18,24.368,0.0,21.129
2018_Dole,2017-09-19,24.721,0.0,20.056
2018_Dole,2017-09-20,23.822,0.014,19.725
2018_Dole,2017-09-21,23.846,0.0,23.764
2018_Dole,2017-09-22,23.897,13.472,20.085
2018_Dole,2017-09-23,24.104,0.0,20.953
2018_Dole,2017-09-24,25.142,2.465,19.402
2018_Dole,2017-09-25,24.796,2.873,21.051
2018_Dole,2017-09-26,24.954,0.0,20.03
2018_Dole,2017-09-27,24.021,0.0,20.541
2018_Dole,2017-09-28,24.304,0.0,22.041
2019_Dole,2018-06-01,25.941,3.111,22.284
2019_Dole,2018-06-02,24.226,4.057,19.106
2019_Dole,2018-06-03,27.269,0.0,19.668
2019_Dole,2018-06-04,25.002,3.451,19.016
2019_Dole,2018-06-05,27.333,0.529,19.847
2019_Dole,2018-06-06,27.08,0.0,20.086
2019_Dole,2018-06-07,26.875,2.943,19.239
2019_Dole,2018-06-08,25.877,0.0,20.067
2019_Dole,2018-06-09,26.827,0.0,18.726
2019_Dole,2018-06-10,26.471,0.0,19.655
2019_Dole,2018-06-11,27.009,0.0,21.798
2019_Dole,2018-06-12,26.92,0.375,20.92
2019_Dole,2018-06-13,25.618,0.0,20.615
2019_Dole,2018-06-14,28.271,0.0,19.329
2019_Dole,2018-06-15,27.429,0.0,18.693
2019_Dole,2018-06-16,27.219,0.0,18.982
2019_Dole,2018-06-17,27.267,0.0,19.964
2019_Dole,2018-06-18,28.104,0.0,20.756
2019_Dole,2018-06-19,27.198,1.619,20.666
2019_Dole,2018-06-20,26.198,0.0,20.265
2019_Dole,2018-06-21,28.41,16.736,18.762
2019_Dole,2018-06-22,28.574,0.0,19.387
2019_Dole,2018-06-23,28.067,1.099,18.899
2019_Dole,2018-06-24,27.368,9.597,18.874
2019_Dole,2018-06-25,28.41,0.0,20.964
2019_Dole,2018-06-26,27.212,0.0,17.014
2019_Dole,2018-06-27,27.599,0.729,18.389
2019_Dole,2018-06-28,27.849,0.0,19.681
2019_Dole,2018-06-29,29.145,0.672,16.848
2019_Dole,2018-06-30,28.192,0.0,17.513
2019_Dole,2018-07-01,28.128,0.0,17.471
2019_Dole,2018-07-02,30.046,0.0,17.62
2019_Dole,2018-07-03,28.752,8.246,16.09
2019_Dole,2018-07-04,28.72,0.0,18.126
2019_Dole,2018-07-05,28.125,0.626,18.043
2019_Dole,2018-07-06,27.907,0.808,17.732
2019_Dole,2018-07-07,26.59,0.0,16.203
2019_Dole,2018-07-08,29.062,0.0,17.011
2019_Dole,2018-07-09,28.585,0.0,15.88
2019_Dole,2018-07-10,28.016,0.0,16.305
2019_Dole,2018-07-11,27.974,0.751,18.653
2019_Dole,2018-07-12,28.591,0.0,16.462
2019_Dole,2018-07-13,26.669,0.0,15.049
2019_Dole,2018-07-14,27.346,1.189,16.292
2019_Dole,2018-07-15,26.806,7.459,14.641
2019_Dole,2018-07-16,29.025,0.0,14.68
2019_Dole,2018-07-17,28.194,3.233,14.729
2019_Dole,2018-07-18,25.612,0.0,15.224
2019_Dole,2018-07-19,26.038,2.192,16.51
2019_Dole,2018-07-20,27.014,0.0,16.062
2019_Dole,2018-07-21,26.608,0.0,15.925
2019_Dole,2018-07-22,25.788,0.0,14.228
2019_Dole,2018-07-23,28.262,0.033,14.718
2019_Dole,2018-07-24,26.811,2.938,15.471
2019_Dole,2018-07-25,26.793,0.0,14.519
2019_Dole,2018-07-26,25.709,0.104,14.824
2019_Dole,2018-07-27,26.688,4.286,15.507
2019_Dole,2018-07-28,25.651,0.0,14.688
2019_Dole,2018-07-29,25.573,6.533,15.242
2019_Dole,2018-07-30,26.132,0.0,16.597
2019_Dole,2018-07-31,24.183,3.769,14.828
2019_Dole,2018-08-01,26.607,0.0,16.183
2019_Dole,2018-08-02,25.318,0.0,15.576
2019_Dole,2018-08-03,26.041,0.0,13.57
2019_Dole,2018-08-04,24.002,0.0,13.963
2019_Dole,2018-08-05,23.971,0.226,14.269
2019_Dole,2018-08-06,23.629,0.0,14.292
2019_Dole,2018-08-07,24.611,0.0,15.109
2019_Dole,2018-08-08,24.319,0.0,15.874
2019_Dole,2018-08-09,23.753,0.384,16.582
2019_Dole,2018-08-10,23.175,2.282,15.71
2019_Dole,2018-08-11,22.839,0.0,15.038
2019_Dole,2018-08-12,23.684,0.0,13.491
2019_Dole,2018-08-13,23.226,0.0,15.739
2019_Dole,2018-08-14,22.93,0.848,15.796
2019_Dole,2018-08-15,24.602,0.582,16.062
2019_Dole,2018-08-16,23.191,1.157,18.099
2019_Dole,2018-08-17,24.171,9.155,17.353
2019_Dole,2018-08-18,22.632,0.0,17.022
2019_Dole,2018-08-19,23.166,4.054,15.404
2019_Dole,2018-08-20,22.844,0.0,15.987
2019_Dole,2018-08-21,21.455,0.0,16.543
2019_Dole,2018-08-22,23.888,0.0,16.004
2019_Dole,2018-08-23,22.577,0.0,17.425
2019_Dole,2018-08-24,23.23,2.514,17.43
2019_Dole,2018-08-25,21.987,0.0,16.135
2019_Dole,2018-08-26,22.42,1.83,18.573
2019_Dole,2018-08-27,21.829,1.535,17.633
2019_Dole,2018-08-28,23.491,1.934,15.957
2019_Dole,2018-08-29,22.739,10.258,17.792
2019_Dole,2018-08-30,22.78,0.0,18.281
2019_Dole,2018-08-31,23.577,0.0,19.13
2019_Dole,2018-09-01,23.428,0.0,17.976
2019_Dole,2018-09-02,23.135,0.0,19.297
2019_Dole,2018-09-03,21.414,3.526,18.811
2019_Dole,2018-09-04,22.032,0.0,17.461
2019_Dole,2018-09-05,21.83,0.0,17.512
2019_Dole,2018-09-06,23.267,0.0,20.198
2019_Dole,2018-09-07,22.882,0.0,20.416
2019_Dole,2018-09-08,21.701,2.24,19.685
2019_Dole,2018-09-09,22.737,0.0,20.996
2019_Dole,2018-09-10,21.775,4.112,20.691
2019_Dole,2018-09-11,23.016,3.214,20.447
2019_Dole,2018-09-12,21.83,0.012,18.977
2019_Dole,2018-09-13,23.68,0.0,21.739
2019_Dole,2018-09-14,23.667,1.516,20.658
2019_Dole,2018-09-15,25.005,0.0,19.844
2019_Dole,2018-09-16,24.276,0.0,19.663
2019_Dole,2018-09-17,23.384,3.807,20.684
2019_Dole,2018-09-18,24.507,2.318,18.845
2019_Dole,2018-09-19,22.868,0.0,21.298
2019_Dole,2018-09-20,23.354,3.172,19.719
2019_Dole,2018-09-21,24.532,0.0,21.111
2019_Dole,2018-09-22,22.684,0.011,20.279
2019_Dole,2018-09-23,24.529,1.643,20.589
2019_Dole,2018-09-24,23.893,0.0,20.141
2019_Dole,2018-09-25,24.943,0.631,20.773
2019_Dole,2018-09-26,24.155,3.455,22.852
2019_Dole,2018-09-27,25.512,1.121,22.369
2019_Dole,2018-09-28,25.344,1.176,21.35
2020_Dole,2019-06-01,26.163,0.199,19.937
2020_Dole,2019-06-02,26.548,0.0,20.856
2020_Dole,2019-06-03,25.137,0.0,20.008
2020_Dole,2019-06-04,25.895,0.0,21.449
2020_Dole,2019-06-05,24.654,0.575,21.741
2020_Dole,2019-06-06,27.162,0.319,22.375
2020_Dole,2019-06-07,28.066,0.0,21.225
2020_Dole,2019-06-08,26.627,0.0,21.725
2020_Dole,2019-06-09,25.008,0.0,20.443
2020_Dole,2019-06-10,27.336,0.0,20.195
2020_Dole,2019-06-11,26.264,1.133,21.072
2020_Dole,2019-06-12,26.591,0.692,20.13
2020_Dole,2019-06-13,27.752,0.154,20.696
2020_Dole,2019-06-14,27.579,0.0,19.27
2020_Dole,2019-06-15,27.104,0.0,19.348
2020_Dole,2019-06-16,27.089,5.054,20.757
2020_Dole,2019-06-17,27.817,0.0,20.894
2020_Dole,2019-06-18,27.491,3.567,18.902
2020_Dole,2019-06-19,27.027,0.0,20.434
2020_Dole,2019-06-20,27.737,0.0,19.101
2020_Dole,2019-06-21,28.357,0.238,19.517
2020_Dole,2019-06-22,28.018,0.0,20.779
2020_Dole,2019-06-23,27.097,1.697,20.028
2020_Dole,2019-06-24,29.079,0.0,19.871
2020_Dole,2019-06-25,26.149,0.0,20.836
2020_Dole,2019-06-26,28.028,0.0,18.073
2020_Dole,2019-06-27,27.926,0.0,17.638
2020_Dole,2019-06-28,28.569,0.0,17.747
2020_Dole,2019-06-29,28.92,0.0,18.059
2020_Dole,2019-06-30,29.385,7.608,15.802
2020_Dole,2019-07-01,27.917,0.055,17.793
2020_Dole,2019-07-02,28.953,0.0,17.298
2020_Dole,2019-07-03,28.628,0.0,18.47
2020_Dole,2019-07-04,27.081,0.0,17.883
2020_Dole,2019-07-05,29.942,2.177,16.776
2020_Dole,2019-07-06,27.234,0.339,17.814
2020_Dole,2019-07-07,28.676,0.0,17.796
2020_Dole,2019-07-08,28.6,0.0,16.156
2020_Dole,2019-07-09,28.448,0.0,16.287
2020_Dole,2019-07-10,27.765,0.0,14.413
2020_Dole,2019-07-11,28.747,0.0,15.409
2020_Dole,2019-07-12,26.755,4.326,15.624
2020_Dole,2019-07-13,27.862,0.0,16.311
2020_Dole,2019-07-14,27.368,0.0,15.167
2020_Dole,2019-07-15,27.175,0.0,15.479
2020_Dole,2019-07-16,27.952,0.356,14.653
2020_Dole,2019-07-17,28.357,0.0,15.942
2020_Dole,2019-07-18,27.101,0.0,16.094
2020_Dole,2019-07-19,27.875,0.0,15.975
2020_Dole,2019-07-20,27.161,0.04,15.496
2020_Dole,2019-07-21,26.273,0.0,13.861
2020_Dole,2019-07-22,26.643,0.121,14.707
2020_Dole,2019-07-23,26.468,0.0,14.852
2020_Dole,2019-07-24,26.005,0.0,14.796
2020_Dole,2019-07-25,26.757,4.386,15.222
2020_Dole,2019-07-26,26.452,0.542,16.528
2020_Dole,2019-07-27,24.839,0.0,15.878
2020_Dole,2019-07-28,24.635,3.341,14.049
2020_Dole,2019-07-29,26.141,0.0,15.695
2020_Dole,2019-07-30,24.992,0.0,15.644
2020_Dole,2019-07-31,25.729,3.717,14.194
2020_Dole,2019-08-01,25.955,3.004,15.853
2020_Dole,2019-08-02,24.157,0.0,14.856
2020_Dole,2019-08-03,23.889,2.913,13.627
2020_Dole,2019-08-04,26.203,0.0,15.521
2020_Dole,2019-08-05,24.992,0.0,15.319
2020_Dole,2019-08-06,24.225,0.955,14.919
2020_Dole,2019-08-07,23.665,0.0,15.162
2020_Dole,2019-08-08,23.859,0.247,14.54
2020_Dole,2019-08-09,23.173,7.559,15.937
2020_Dole,2019-08-10,24.694,1.243,15.358
2020_Dole,2019-08-11,23.232,0.0,15.65
2020_Dole,2019-08-12,24.599,0.254,15.93
2020_Dole,2019-08-13,23.279,2.34,14.514
2020_Dole,2019-08-14,22.645,3.181,14.876
2020_Dole,2019-08-15,23.025,0.0,13.669
2020_Dole,2019-08-16,21.159,0.0,16.557
2020_Dole,2019-08-17,23.059,0.0,14.9
2020_Dole,2019-08-18,22.924,0.0,16.369
2020_Dole,2019-08-19,23.631,0.0,16.737
2020_Dole,2019-08-20,21.38,0.375,17.102
2020_Dole,2019-08-21,23.744,10.109,15.434
2020_Dole,2019-08-22,23.403,0.0,16.715
2020_Dole,2019-08-23,23.688,0.0,18.595
2020_Dole,2019-08-24,22.592,1.165,18.787
2020_Dole,2019-08-25,23.401,0.0,18.211
2020_Dole,2019-08-26,21.376,0.041,17.714
2020_Dole,2019-08-27,23.095,0.0,16.526
2020_Dole,2019-08-28,21.887,0.0,18.405
2020_Dole,2019-08-29,21.17,0.0,17.685
2020_Dole,2019-08-30,21.588,0.301,18.561
2020_Dole,2019-08-31,22.496,0.0,17.524
2020_Dole,2019-09-01,21.844,4.545,18.141
2020_Dole,2019-09-02,22.825,0.0,18.633
2020_Dole,2019-09-03,21.106,0.0,18.87
2020_Dole,2019-09-04,20.888,1.575,19.27
2020_Dole,2019-09-05,23.732,0.0,18.348
2020_Dole,2019-09-06,23.41,0.0,17.732
2020_Dole,2019-09-07,21.907,0.0,20.845
2020_Dole,2019-09-08,22.812,2.371,21.851
2020_Dole,2019-09-09,23.705,0.0,19.947
2020_Dole,2019-09-10,23.307,0.0,18.31
2020_Dole,2019-09-11,23.179,0.132,18.99
2020_Dole,2019-09-12,24.032,0.413,20.397
2020_Dole,2019-09-13,22.673,0.215,21.349
2020_Dole,2019-09-14,23.391,5.474,18.908
2020_Dole,2019-09-15,23.466,5.673,20.105
2020_Dole,2019-09-16,23.381,0.0,20.527
2020_Dole,2019-09-17,23.412,0.0,21.292
2020_Dole,2019-09-18,23.912,4.079,20.172
2020_Dole,2019-09-19,24.015,10.222,19.034
2020_Dole,2019-09-20,23.287,0.34,21.294
2020_Dole,2019-09-21,24.909,0.378,21.865
2020_Dole,2019-09-22,23.631,0.0,20.718
2020_Dole,2019-09-23,24.386,0.0,21.258
2020_Dole,2019-09-24,24.475,0.064,20.423
2020_Dole,2019-09-25,25.15,0.0,20.089
2020_Dole,2019-09-26,23.323,1.755,21.989
2020_Dole,2019-09-27,25.886,2.658,21.371
2020_Dole,2019-09-28,24.789,0.0,21.486
2018_Frogmore,2017-06-01,25.407,0.0,20.675
2018_Frogmore,2017-06-02,25.966,0.619,20.287
2018_Frogmore,2017-06-03,26.691,1.421,20.424
2018_Frogmore,2017-06-04,26.269,0.0,22.705
2018_Frogmore,2017-06-05,27.501,0.0,21.242
2018_Frogmore,2017-06-06,26.878,0.0,21.072
2018_Frogmore,2017-06-07,26.384,0.019,20.591
2018_Frogmore,2017-06-08,27.379,0.0,23.247
2018_Frogmore,2017-06-09,27.608,0.0,22.046
2018_Frogmore,2017-06-10,28.361,0.0,19.952
2018_Frogmore,2017-06-11,28.066,0.0,20.324
2018_Frogmore,2017-06-12,28.254,0.0,20.302
2018_Frogmore,2017-06-13,28.271,0.0,20.573
2018_Frogmore,2017-06-14,27.988,0.213,19.63
2018_Frogmore,2017-06-15,27.685,2.702,20.668
2018_Frogmore,2017-06-16,28.603,0.192,21.573
2018_Frogmore,2017-06-17,28.214,0.307,18.694
2018_Frogmore,2017-06-18,29.934,0.0,18.76
2018_Frogmore,2017-06-19,29.752,3.567,19.28
2018_Frogmore,2017-06-20,29.273,4.745,19.197
2018_Frogmore,2017-06-21,29.152,6.111,21.498
2018_Frogmore,2017-06-22,28.854,14.197,20.364
2018_Frogmore,2017-06-23,27.983,0.0,20.165
2018_Frogmore,2017-06-24,28.879,0.0,18.811
2018_Frogmore,2017-06-25,29.185,0.0,18.641
2018_Frogmore,2017-06-26,29.332,0.0,17.325
2018_Frogmore,2017-06-27,29.561,0.0,19.405
2018_Frogmore,2017-06-28,29.951,0.0,18.96
2018_Frogmore,2017-06-29,28.681,0.0,19.6
2018_Frogmore,2017-06-30,28.7,2.686,17.946
2018_Frogmore,2017-07-01,30.412,0.69,17.858
2018_Frogmore,2017-07-02,29.864,0.597,18.013
2018_Frogmore,2017-07-03,28.922,0.0,18.578
2018_Frogmore,2017-07-04,29.128,6.949,16.06
2018_Frogmore,2017-07-05,29.103,4.069,18.112
2018_Frogmore,2017-07-06,29.174,2.055,17.203
2018_Frogmore,2017-07-07,29.482,5.491,16.014
2018_Frogmore,2017-07-08,31.08,0.0,14.84
2018_Frogmore,2017-07-09,29.143,0.0,16.643
2018_Frogmore,2017-07-10,29.454,0.52,18.086
2018_Frogmore,2017-07-11,27.5,2.89,18.175
2018_Frogmore,2017-07-12,28.379,0.0,16.721
2018_Frogmore,2017-07-13,29.661,0.0,18.199
2018_Frogmore,2017-07-14,28.904,0.0,16.069
2018_Frogmore,2017-07-15,24.969,0.0,16.946
2018_Frogmore,2017-07-16,28.912,0.974,15.427
2018_Frogmore,2017-07-17,29.793,0.888,15.256
2018_Frogmore,2017-07-18,26.542,0.0,14.991
2018_Frogmore,2017-07-19,29.23,0.0,13.512
2018_Frogmore,2017-07-20,25.667,0.0,16.771
2018_Frogmore,2017-07-21,28.501,0.0,14.76
2018_Frogmore,2017-07-22,27.606,0.0,14.526
2018_Frogmore,2017-07-23,25.591,3.333,14.079
2018_Frogmore,2017-07-24,27.683,4.51,14.995
2018_Frogmore,2017-07-25,28.099,0.0,16.91
2018_Frogmore,2017-07-26,27.319,1.869,17.196
2018_Frogmore,2017-07-27,27.343,4.212,13.405
2018_Frogmore,2017-07-28,26.391,0.0,14.682
2018_Frogmore,2017-07-29,25.076,1.644,13.982
2018_Frogmore,2017-07-30,26.962,5.692,15.992
2018_Frogmore,2017-07-31,27.651,3.014,15.287
2018_Frogmore,2017-08-01,26.998,0.0,14.368
2018_Frogmore,2017-08-02,24.347,0.0,15.089
2018_Frogmore,2017-08-03,24.57,0.0,14.56
2018_Frogmore,2017-08-04,24.951,0.0,16.68
2018_Frogmore,2017-08-05,24.2,0.0,15.649
2018_Frogmore,2017-08-06,25.359,2.203,15.817
2018_Frogmore,2017-08-07,25.491,0.0,12.532
2018_Frogmore,2017-08-08,23.887,0.0,15.193
2018_Frogmore,2017-08-09,25.511,2.113,17.41
2018_Frogmore,2017-08-10,25.232,0.0,16.728
2018_Frogmore,2017-08-11,24.179,0.0,13.637
2018_Frogmore,2017-08-12,24.35,4.699,15.26
2018_Frogmore,2017-08-13,22.803,0.0,14.467
2018_Frogmore,2017-08-14,23.978,0.0,17.482
2018_Frogmore,2017-08-15,24.136,0.195,16.123
2018_Frogmore,2017-08-16,24.157,0.0,15.225
2018_Frogmore,2017-08-17,24.223,0.0,16.146
2018_Frogmore,2017-08-18,24.019,0.0,13.629
2018_Frogmore,2017-08-19,23.524,0.224,15.281
2018_Frogmore,2017-08-20,23.882,0.0,16.536
2018_Frogmore,2017-08-21,24.38,0.975,17.484
2018_Frogmore,2017-08-22,23.434,0.0,14.838
2018_Frogmore,2017-08-23,23.704,0.46,16.544
2018_Frogmore,2017-08-24,23.249,0.0,18.083
2018_Frogmore,2017-08-25,22.836,0.0,15.772
2018_Frogmore,2017-08-26,23.735,0.0,17.605
2018_Frogmore,2017-08-27,22.844,6.297,17.597
2018_Frogmore,2017-08-28,23.576,0.0,19.401
2018_Frogmore,2017-08-29,23.278,0.0,17.613
2018_Frogmore,2017-08-30,23.008,0.0,17.828
2018_Frogmore,2017-08-31,22.993,0.0,19.012
2018_Frogmore,2017-09-01,22.861,0.278,16.987
2018_Frogmore,2017-09-02,21.971,0.0,18.248
2018_Frogmore,2017-09-03,23.623,0.0,18.168
2018_Frogmore,2017-09-04,23.539,0.0,18.638
2018_Frogmore,2017-09-05,24.078,0.0,19.775
2018_Frogmore,2017-09-06,23.025,0.0,19.629
2018_Frogmore,2017-09-07,25.027,0.0,18.472
2018_Frogmore,2017-09-08,23.274,0.0,19.499
2018_Frogmore,2017-09-09,22.953,2.14,20.99
2018_Frogmore,2017-09-10,22.94,0.0,18.803
2018_Frogmore,2017-09-11,22.437,1.588,19.909
2018_Frogmore,2017-09-12,25.146,0.0,19.695
2018_Frogmore,2017-09-13,25.118,0.0,19.944
2018_Frogmore,2017-09-14,24.61,0.0,18.491
2018_Frogmore,2017-09-15,23.527,0.0,21.64
2018_Frogmore,2017-09-16,25.812,2.714,19.557
2018_Frogmore,2017-09-17,24.206,1.992,21.453
2018_Frogmore,2017-09-18,24.402,6.168,19.895
2018_Frogmore,2017-09-19,25.901,1.251,19.973
2018_Frogmore,2017-09-20,25.416,0.0,21.886
2018_Frogmore,2017-09-21,26.792,0.0,21.735
2018_Frogmore,2017-09-22,25.375,0.588,21.009
2018_Frogmore,2017-09-23,25.006,0.0,21.614
2018_Frogmore,2017-09-24,24.985,0.0,20.609
2018_Frogmore,2017-09-25,24.15,0.065,20.926
2018_Frogmore,2017-09-26,25.559,3.242,20.301
2018_Frogmore,2017-09-27,26.853,0.083,21.888
2018_Frogmore,2017-09-28,26.573,0.0,20.302
2019_Frogmore,2018-06-01,26.24,0.0,19.63
2019_Frogmore,2018-06-02,26.666,0.05,21.592
2019_Frogmore,2018-06-03,27.413,0.0,21.66
2019_Frogmore,2018-06-04,26.981,0.0,22.748
2019_Frogmore,2018-06-05,26.878,4.153,21.942
2019_Frogmore,2018-06-06,27.245,1.461,20.304
2019_Frogmore,2018-06-07,28.135,2.844,19.849
2019_Frogmore,2018-06-08,27.037,0.0,19.432
2019_Frogmore,2018-06-09,27.612,0.0,22.214
2019_Frogmore,2018-06-10,27.863,0.022,19.895
2019_Frogmore,2018-06-11,28.684,0.115,22.078
2019_Frogmore,2018-06-12,28.047,23.603,21.041
2019_Frogmore,2018-06-13,29.703,0.056,20.757
2019_Frogmore,2018-06-14,28.255,2.255,20.025
2019_Frogmore,2018-06-15,28.31,0.0,20.89
2019_Frogmore,2018-06-16,28.477,0.542,20.106
2019_Frogmore,2018-06-17,27.669,0.0,19.638
2019_Frogmore,2018-06-18,27.995,0.0,20.584
2019_Frogmore,2018-06-19,28.495,0.649,19.619
2019_Frogmore,2018-06-20,29.917,0.0,18.836
2019_Frogmore,2018-06-21,29.064,0.0,20.1
2019_Frogmore,2018-06-22,28.778,1.027,19.298
2019_Frogmore,2018-06-23,30.214,0.252,19.709
2019_Frogmore,2018-06-24,30.534,0.0,18.621
2019_Frogmore,2018-06-25,30.35,3.283,17.718
2019_Frogmore,2018-06-26,28.708,0.0,20.512
2019_Frogmore,2018-06-27,29.031,8.184,20.17
2019_Frogmore,2018-06-28,30.907,0.0,19.353
2019_Frogmore,2018-06-29,29.669,0.0,17.926
2019_Frogmore,2018-06-30,29.274,0.0,17.857
2019_Frogmore,2018-07-01,30.067,0.0,19.382
2019_Frogmore,2018-07-02,30.294,0.0,17.489
2019_Frogmore,2018-07-03,29.019,0.0,17.054
2019_Frogmore,2018-07-04,29.631,0.34,19.403
2019_Frogmore,2018-07-05,30.168,0.0,17.329
2019_Frogmore,2018-07-06,28.462,0.0,18.992
2019_Frogmore,2018-07-07,29.356,3.316,15.675
2019_Frogmore,2018-07-08,28.402,5.121,17.443
2019_Frogmore,2018-07-09,28.446,0.181,18.851
2019_Frogmore,2018-07-10,28.715,0.0,16.668
2019_Frogmore,2018-07-11,29.472,0.0,16.236
2019_Frogmore,2018-07-12,28.751,0.463,15.198
2019_Frogmore,2018-07-13,28.401,0.006,17.319
2019_Frogmore,2018-07-14,28.865,0.0,15.342
2019_Frogmore,2018-07-15,27.804,0.174,15.898
2019_Frogmore,2018-07-16,28.957,0.206,14.644
2019_Frogmore,2018-07-17,29.405,6.377,17.327
2019_Frogmore,2018-07-18,28.317,0.0,16.823
2019_Frogmore,2018-07-19,28.094,8.783,15.541
2019_Frogmore,2018-07-20,28.425,0.0,14.33
2019_Frogmore,2018-07-21,26.37,3.403,16.938
2019_Frogmore,2018-07-22,28.284,0.0,14.961
2019_Frogmore,2018-07-23,30.194,0.0,14.154
2019_Frogmore,2018-07-24,27.47,0.0,13.437
2019_Frogmore,2018-07-25,27.324,3.435,14.501
2019_Frogmore,2018-07-26,27.864,5.464,13.648
2019_Frogmore,2018-07-27,28.433,0.857,14.443
2019_Frogmore,2018-07-28,27.742,0.149,15.781
2019_Frogmore,2018-07-29,25.082,0.021,14.641
2019_Frogmore,2018-07-30,27.1,0.756,15.36
2019_Frogmore,2018-07-31,28.55,0.0,14.277
2019_Frogmore,2018-08-01,26.834,1.799,15.069
2019_Frogmore,2018-08-02,25.255,0.0,16.937
2019_Frogmore,2018-08-03,26.249,0.0,14.688
2019_Frogmore,2018-08-04,24.844,0.0,15.45
2019_Frogmore,2018-08-05,26.702,0.0,13.537
2019_Frogmore,2018-08-06,24.801,6.313,16.667
2019_Frogmore,2018-08-07,25.477,3.609,14.722
2019_Frogmore,2018-08-08,24.586,0.0,16.31
2019_Frogmore,2018-08-09,24.693,6.169,15.204
2019_Frogmore,2018-08-10,26.181,0.0,16.014
2019_Frogmore,2018-08-11,24.941,0.0,16.155
2019_Frogmore,2018-08-12,24.282,0.0,15.121
2019_Frogmore,2018-08-13,23.688,0.0,16.76
2019_Frogmore,2018-08-14,22.988,0.0,15.012
2019_Frogmore,2018-08-15,23.37,0.0,16.657
2019_Frogmore,2018-08-16,24.353,0.0,15.602
2019_Frogmore,2018-08-17,24.945,0.0,16.462
2019_Frogmore,2018-08-18,23.617,1.495,15.775
2019_Frogmore,2018-08-19,25.233,0.0,16.416
2019_Frogmore,2018-08-20,23.321,0.0,15.425
2019_Frogmore,2018-08-21,23.629,0.0,16.886
2019_Frogmore,2018-08-22,22.888,0.0,16.824
2019_Frogmore,2018-08-23,24.484,0.0,16.385
2019_Frogmore,2018-08-24,25.317,0.0,17.018
2019_Frogmore,2018-08-25,22.185,0.199,17.358
2019_Frogmore,2018-08-26,23.281,1.604,16.76
2019_Frogmore,2018-08-27,24.541,1.842,17.402
2019_Frogmore,2018-08-28,22.351,0.285,16.681
2019_Frogmore,2018-08-29,23.95,0.0,20.189
2019_Frogmore,2018-08-30,24.47,0.0,19.059
2019_Frogmore,2018-08-31,23.559,0.0,18.43
2019_Frogmore,2018-09-01,23.949,0.0,19.486
2019_Frogmore,2018-09-02,24.938,0.0,16.49
2019_Frogmore,2018-09-03,25.117,0.0,16.066
2019_Frogmore,2018-09-04,23.545,0.215,18.377
2019_Frogmore,2018-09-05,23.214,0.0,17.548
2019_Frogmore,2018-09-06,22.956,0.0,18.838
2019_Frogmore,2018-09-07,24.534,1.919,19.426
2019_Frogmore,2018-09-08,22.722,0.0,20.282
2019_Frogmore,2018-09-09,23.692,2.336,18.362
2019_Frogmore,2018-09-10,24.059,0.83,20.034
2019_Frogmore,2018-09-11,23.663,0.004,19.778
2019_Frogmore,2018-09-12,24.385,0.0,20.235
2019_Frogmore,2018-09-13,26.315,0.0,19.488
2019_Frogmore,2018-09-14,24.274,3.303,21.504
2019_Frogmore,2018-09-15,24.137,0.619,20.126
2019_Frogmore,2018-09-16,25.417,8.794,22.106
2019_Frogmore,2018-09-17,24.921,0.0,19.637
2019_Frogmore,2018-09-18,26.01,0.0,21.259
2019_Frogmore,2018-09-19,25.124,0.0,20.538
2019_Frogmore,2018-09-20,24.932,0.0,20.345
2019_Frogmore,2018-09-21,23.845,0.0,21.373
2019_Frogmore,2018-09-22,24.122,1.497,20.502
2019_Frogmore,2018-09-23,24.097,0.0,18.191
2019_Frogmore,2018-09-24,26.02,2.222,17.835
2019_Frogmore,2018-09-25,24.779,1.045,22.207
2019_Frogmore,2018-09-26,27.028,0.0,22.193
2019_Frogmore,2018-09-27,26.203,0.0,22.871
2019_Frogmore,2018-09-28,26.14,1.041,20.978
2020_Frogmore,2019-06-01,25.018,0.0,21.147
2020_Frogmore,2019-06-02,25.52,0.0,20.635
2020_Frogmore,2019-06-03,24.862,0.0,19.641
2020_Frogmore,2019-06-04,27.142,1.352,21.635
2020_Frogmore,2019-06-05,27.769,0.0,20.371
2020_Frogmore,2019-06-06,26.513,1.192,20.491
2020_Frogmore,2019-06-07,26.272,0.0,20.391
2020_Frogmore,2019-06-08,25.393,0.017,22.036
2020_Frogmore,2019-06-09,27.811,1.938,20.7
2020_Frogmore,2019-06-10,26.777,2.826,20.752
2020_Frogmore,2019-06-11,26.622,0.003,20.157
2020_Frogmore,2019-06-12,27.373,15.493,20.979
2020_Frogmore,2019-06-13,26.648,0.0,21.776
2020_Frogmore,2019-06-14,27.359,0.0,20.979
2020_Frogmore,2019-06-15,26.207,0.0,20.916
2020_Frogmore,2019-06-16,28.345,0.0,20.728
2020_Frogmore,2019-06-17,27.5,0.0,18.627
2020_Frogmore,2019-06-18,28.612,0.0,19.012
2020_Frogmore,2019-06-19,27.62,0.619,19.558
2020_Frogmore,2019-06-20,27.761,1.595,18.908
2020_Frogmore,2019-06-21,26.982,12.632,18.435
2020_Frogmore,2019-06-22,28.635,7.534,17.49
2020_Frogmore,2019-06-23,27.394,0.0,17.874
2020_Frogmore,2019-06-24,27.765,0.0,18.819
2020_Frogmore,2019-06-25,28.208,1.122,18.858
2020_Frogmore,2019-06-26,28.348,0.041,17.983
2020_Frogmore,2019-06-27,26.923,0.0,18.703
2020_Frogmore,2019-06-28,28.132,0.0,18.035
2020_Frogmore,2019-06-29,28.973,0.0,19.404
2020_Frogmore,2019-06-30,28.047,0.0,17.995
2020_Frogmore,2019-07-01,28.174,0.0,18.696
2020_Frogmore,2019-07-02,28.479,0.0,18.046
2020_Frogmore,2019-07-03,28.236,0.396,16.284
2020_Frogmore,2019-07-04,27.492,0.23,17.44
2020_Frogmore,2019-07-05,28.259,0.0,16.141
2020_Frogmore,2019-07-06,29.047,0.997,17.115
2020_Frogmore,2019-07-07,27.366,4.682,16.328
2020_Frogmore,2019-07-08,27.855,0.0,17.307
2020_Frogmore,2019-07-09,26.989,6.22,15.437
2020_Frogmore,2019-07-10,28.78,0.0,16.653
2020_Frogmore,2019-07-11,27.878,5.508,17.072
2020_Frogmore,2019-07-12,27.19,0.0,17.274
2020_Frogmore,2019-07-13,27.855,2.371,15.472
2020_Frogmore,2019-07-14,26.722,1.726,16.13
2020_Frogmore,2019-07-15,26.756,0.0,16.177
2020_Frogmore,2019-07-16,26.307,0.0,17.426
2020_Frogmore,2019-07-17,26.508,0.0,14.289
2020_Frogmore,2019-07-18,28.328,0.057,14.757
2020_Frogmore,2019-07-19,26.531,5.673,18.377
2020_Frogmore,2019-07-20,27.361,0.0,15.211
2020_Frogmore,2019-07-21,26.185,0.063,13.511
2020_Frogmore,2019-07-22,27.323,0.0,14.744
2020_Frogmore,2019-07-23,25.753,0.0,12.49
2020_Frogmore,2019-07-24,26.46,0.0,15.44
2020_Frogmore,2019-07-25,26.323,0.0,15.957
2020_Frogmore,2019-07-26,27.992,0.0,14.191
2020_Frogmore,2019-07-27,26.482,0.0,14.595
2020_Frogmore,2019-07-28,25.349,0.0,15.961
2020_Frogmore,2019-07-29,26.215,0.223,13.266
2020_Frogmore,2019-07-30,27.221,0.0,13.683
2020_Frogmore,2019-07-31,24.05,0.186,14.772
2020_Frogmore,2019-08-01,24.523,0.365,14.252
2020_Frogmore,2019-08-02,24.851,0.607,14.723
2020_Frogmore,2019-08-03,24.551,0.0,13.773
2020_Frogmore,2019-08-04,24.464,18.672,15.28
2020_Frogmore,2019-08-05,23.534,0.0,14.953
2020_Frogmore,2019-08-06,25.55,0.0,15.696
2020_Frogmore,2019-08-07,23.14,0.0,15.4
2020_Frogmore,2019-08-08,23.973,0.0,15.466
2020_Frogmore,2019-08-09,24.828,4.782,13.881
2020_Frogmore,2019-08-10,23.83,1.087,15.895
2020_Frogmore,2019-08-11,22.936,0.649,15.153
2020_Frogmore,2019-08-12,22.511,0.0,15.406
2020_Frogmore,2019-08-13,23.282,0.325,16.717
2020_Frogmore,2019-08-14,22.741,15.018,15.051
2020_Frogmore,2019-08-15,23.397,0.0,17.23
2020_Frogmore,2019-08-16,22.003,0.0,17.437
2020_Frogmore,2019-08-17,23.673,10.114,16.865
2020_Frogmore,2019-08-18,23.019,0.0,15.256
2020_Frogmore,2019-08-19,22.99,0.0,14.18
2020_Frogmore,2019-08-20,23.908,1.235,17.579
2020_Frogmore,2019-08-21,22.33,0.0,16.749
2020_Frogmore,2019-08-22,22.032,0.0,16.035
2020_Frogmore,2019-08-23,22.115,0.0,18.098
2020_Frogmore,2019-08-24,22.346,1.568,16.211
2020_Frogmore,2019-08-25,22.383,8.362,16.799
2020_Frogmore,2019-08-26,21.755,0.666,17.901
2020_Frogmore,2019-08-27,20.772,1.502,16.417
2020_Frogmore,2019-08-28,21.921,0.286,17.577
2020_Frogmore,2019-08-29,22.646,2.161,18.932
2020_Frogmore,2019-08-30,22.463,0.0,18.211
2020_Frogmore,2019-08-31,23.317,0.0,19.404
2020_Frogmore,2019-09-01,23.935,2.893,19.447
2020_Frogmore,2019-09-02,22.998,4.461,18.477
2020_Frogmore,2019-09-03,23.525,0.0,16.287
2020_Frogmore,2019-09-04,23.069,0.131,17.671
2020_Frogmore,2019-09-05,23.868,4.712,19.69
2020_Frogmore,2019-09-06,24.034,0.0,17.525
2020_Frogmore,2019-09-07,23.374,0.0,18.894
2020_Frogmore,2019-09-08,23.246,0.0,19.7
2020_Frogmore,2019-09-09,22.591,0.0,20.97
2020_Frogmore,2019-09-10,22.805,0.0,19.059
2020_Frogmore,2019-09-11,22.656,0.0,19.12
2020_Frogmore,2019-09-12,23.519,0.0,19.836
2020_Frogmore,2019-09-13,22.548,0.0,20.358
2020_Frogmore,2019-09-14,23.079,0.473,19.967
2020_Frogmore,2019-09-15,21.462,0.009,21.279
2020_Frogmore,2019-09-16,24.844,0.0,19.532
2020_Frogmore,2019-09-17,23.414,0.0,20.547
2020_Frogmore,2019-09-18,24.084,0.0,20.961
2020_Frogmore,2019-09-19,25.02,0.0,20.198
2020_Frogmore,2019-09-20,24.232,0.0,21.513
2020_Frogmore,2019-09-21,25.289,0.0,20.89
2020_Frogmore,2019-09-22,23.285,0.0,21.59
2020_Frogmore,2019-09-23,26.345,0.435,21.047
2020_Frogmore,2019-09-24,25.447,0.0,21.274
2020_Frogmore,2019-09-25,24.897,2.32,20.302
2020_Frogmore,2019-09-26,26.024,0.0,20.332
2020_Frogmore,2019-09-27,24.105,0.0,22.208
2020_Frogmore,2019-09-28,24.966,0.142,21.631
